trans_code   ,  vehicle type , visit count , total weight, loading wegiht, total volume,  loading volume,  origin, customer id-arrival time
DP0001, 1, 5,6.000000,0-2000,21-73,22-96,23-133,20-163,14-220
DP0002, 1, 5,7.000000,0-2000,6-46,3-77,2-130,4-213,5-240
DP0003, 1, 6,7.000000,0-2000,29-44,16-101,18-122,17-139,19-157,15-200
DP0004, 1, 6,7.000000,0-2000,24-81,27-134,30-151,28-178,26-210,25-320
DP0005, 1, 5,5.000000,0-2000,7-72,9-100,12-141,11-162,13-180
DP0006, 1, 1,1.000000,0-2000,1-110
